vid_title,upload_date
How I Would Learn Data Science (If I Had to Start Over),08.05.2020
The Best Free Data Science Courses Nobody is Talking About,09.03.2020
Why I'm Starting Data Science Over Again.,29.08.2020
3 Proven Data Science Projects for Beginners (Kaggle),17.02.2020
Data Science Certificate vs Bootcamp vs Masters Degree,18.01.2020
Building a Deep Learning BEAST (NVIDIA TITAN RTX + RYZEN 3900X),24.07.2020
Data Science Project from Scratch - Part 2 (Data Collection),06.04.2020
Scrape Twitter Data in Python with Twitterscraper Module,18.04.2019
5 Essential Data Science Projects for Your Portfolio,26.09.2020
Beginner Kaggle Data Science Project Walk-Through (Titanic),17.07.2020
Data Science Project from Scratch - Part 3 (Data Cleaning),08.04.2020
The Projects You Should Do To Get A Data Science Job,30.07.2019
How I Learned Data Science,27.01.2020
The REAL Reason You're Struggling to Learn Data Science,12.06.2020
How to Make A Data Science Portfolio Website with Github Pages,18.05.2020
How to Build a Data Science Portfolio Website with Hugo & Github Pages [feat. Data Professor],29.05.2020
How I Learn Data Science Through Studying Other People's Code | #66DaysOfData,04.09.2020
3 Reasons You Should NOT Become a Data Scientist,16.12.2019
The Plagiarism Problem in Data Science,07.08.2020
Data Science Project from Scratch - Part 4 (Exploratory Data Analysis),10.04.2020
Different Data Science Roles Explained (by a Data Scientist),22.05.2020
Math Needed for Mastering Data Science,09.12.2019
Sh*t Data Scientists Say (Parody),05.10.2020
The 5 Pillars of Success I Live By,11.09.2020
The State of Data Science with Krish Naik & The Data Professor [Panel Discussion],05.06.2020
Don't Buy My Course..,21.08.2020
How to ULTRALEARN Data Science,27.03.2020
How I Chose My Masters Degree for Breaking into Data Science,30.10.2020
How a Subscriber Landed a Data Analyst Job in Less Than a Year (Ray Ojel) - KNN EP. 09,19.08.2020
10000 Subscriber and 100th Video Special (Data Science),13.05.2020
How YOU Can Land a Sports Analytics Job,02.12.2019
Data Science Project from Scratch - Part 1 (Project Planning),03.04.2020
Data Science Advice for College Students,14.02.2020
Reviewing Your Data Science Projects - Episode 13 (BONUS LinkedIn Review),27.07.2020
